id,type,priority,title,start_date,end_date
DONE-37,Story,Medium,Implement user authentication and session management for the API,2025-10-14,2025-10-19
DONE-96,Bug,Highest,Fix performance regression in the data processing pipeline,2025-10-14,2025-10-25
DONE-124,Task,Low,Refactor the legacy payment gateway integration module,2025-10-17,2025-11-01
DONE-34,Improvement,High,Add comprehensive end-to-end tests for the checkout flow,2025-10-19,2025-11-03
DONE-99,Story,High,Migrate database schema to support multi-tenancy architecture,2025-10-20,2025-10-30
DONE-26,Bug,High,Resolve memory leak in the background job processing worker,2025-10-22,2025-11-02
DONE-38,Task,Medium,Implement real-time notifications using WebSockets,2025-10-24,2025-10-29
DONE-79,Improvement,Medium,Improve search indexing performance for large datasets,2025-10-24,2025-10-29
DONE-104,Story,Low,Add support for OAuth2 single sign-on provider integration,2025-10-25,2025-11-02
DONE-13,Bug,Medium,Redesign the reporting dashboard with filterable date ranges,2025-10-26,2025-11-13
DONE-61,Task,Low,Optimize SQL queries causing slow response times in production,2025-10-26,2025-11-14
DONE-81,Improvement,Medium,Implement automated data export with configurable scheduling,2025-10-26,2025-10-28
DONE-92,Story,Medium,Add role-based access control to the admin management panel,2025-10-28,2025-11-11
DONE-128,Bug,Low,Fix intermittent timeout errors in the third-party API client,2025-10-28,2025-11-02
DONE-107,Task,Low,Refactor authentication middleware to use JWT token validation,2025-10-29,2025-11-17
DONE-148,Improvement,Low,Create data migration scripts for the legacy customer records,2025-10-31,2025-11-17
DONE-42,Story,Low,Implement pagination for the product catalogue endpoint,2025-11-05,2025-11-13
DONE-126,Bug,High,Add audit logging for all user actions in the admin interface,2025-11-06,2025-11-16
DONE-125,Task,Highest,Fix race condition in the concurrent order processing service,2025-11-07,2025-11-11
DONE-73,Improvement,High,Improve error handling and retry logic in the email delivery service,2025-11-10,2025-11-14
DONE-101,Story,Medium,Implement bulk import feature for CSV product data uploads,2025-11-10,2025-11-28
DONE-1,Bug,Low,Add internationalization support for the customer-facing UI,2025-11-11,2025-11-13
DONE-150,Task,Medium,Resolve CSS layout issues on mobile devices in Safari,2025-11-12,2025-12-02
DONE-78,Improvement,Medium,Implement two-factor authentication for privileged user accounts,2025-11-13,2025-11-29
DONE-136,Story,Highest,Optimize image processing pipeline to reduce storage costs,2025-11-13,2025-11-24
DONE-56,Bug,High,Add GraphQL API endpoint for the mobile application team,2025-11-16,2025-11-29
DONE-112,Task,Lowest,Fix incorrect tax calculation for cross-border transactions,2025-11-16,2025-11-22
DONE-127,Improvement,Highest,Implement webhook delivery with exponential backoff retry,2025-11-16,2025-11-22
DONE-6,Story,Medium,Create dashboard for monitoring real-time system health metrics,2025-11-17,2025-11-23
DONE-28,Bug,High,Add support for custom fields in the customer profile section,2025-11-19,2025-11-22
DONE-39,Task,Lowest,Migrate from deprecated authentication library to current version,2025-11-20,2025-11-28
DONE-103,Improvement,Low,Implement smart caching strategy for frequently accessed resources,2025-11-21,2025-11-26
DONE-3,Story,Low,Fix data inconsistency bug in the inventory synchronization job,2025-11-22,2025-12-04
DONE-77,Bug,Medium,Add automated regression tests for the payment processing flow,2025-11-22,2025-11-30
DONE-119,Task,High,Refactor the monolithic reporting service into microservices,2025-11-22,2025-12-10
DONE-143,Improvement,Medium,Implement configurable rate limiting for the public REST API,2025-11-22,2025-12-12
DONE-5,Story,Lowest,Fix security vulnerability in the file upload validation logic,2025-11-23,2025-12-09
DONE-75,Bug,Medium,Add dark mode support to the main application interface,2025-11-24,2025-11-26
DONE-16,Task,Medium,Optimize the recommendation engine for better response times,2025-11-25,2025-12-10
DONE-95,Improvement,Medium,Implement GDPR-compliant data deletion workflow for user accounts,2025-11-29,2025-12-14
DONE-120,Story,Medium,Fix broken pagination on the search results listing page,2025-11-29,2025-11-30
DONE-146,Bug,Medium,Add support for multiple currency display in the pricing tables,2025-12-02,2025-12-19
DONE-12,Task,Medium,Implement automated database backup and point-in-time recovery,2025-12-03,2025-12-08
DONE-80,Improvement,Medium,Refactor the notification service to use an event-driven pattern,2025-12-03,2025-12-12
DONE-64,Story,High,Fix incorrect date timezone handling in the scheduling module,2025-12-04,2025-12-07
DONE-7,Bug,Low,Add comprehensive API documentation using OpenAPI specification,2025-12-05,2025-12-09
DONE-53,Task,High,Implement feature flag system for gradual feature rollouts,2025-12-05,2025-12-23
DONE-84,Improvement,Low,Resolve slow startup time caused by heavy dependency loading,2025-12-05,2025-12-12
DONE-49,Story,Medium,Add accessibility improvements to comply with WCAG 2.1 standards,2025-12-06,2025-12-21
DONE-50,Bug,High,Implement soft-delete functionality across all resource endpoints,2025-12-06,2025-12-26
DONE-121,Task,Medium,Implement user authentication and session management for the API,2025-12-06,2025-12-21
DONE-11,Improvement,Low,Fix performance regression in the data processing pipeline,2025-12-07,2025-12-11
DONE-149,Story,Medium,Refactor the legacy payment gateway integration module,2025-12-07,2025-12-12
DONE-98,Bug,Medium,Add comprehensive end-to-end tests for the checkout flow,2025-12-08,2025-12-23
DONE-108,Task,Medium,Migrate database schema to support multi-tenancy architecture,2025-12-08,2025-12-22
DONE-24,Improvement,High,Resolve memory leak in the background job processing worker,2025-12-11,2025-12-31
DONE-68,Story,Medium,Implement real-time notifications using WebSockets,2025-12-13,2025-12-14
DONE-2,Bug,Low,Improve search indexing performance for large datasets,2025-12-14,2025-12-24
DONE-35,Task,Low,Add support for OAuth2 single sign-on provider integration,2025-12-15,2025-12-17
DONE-129,Improvement,High,Redesign the reporting dashboard with filterable date ranges,2025-12-15,2025-12-23
DONE-67,Story,High,Optimize SQL queries causing slow response times in production,2025-12-16,2025-12-25
DONE-117,Bug,Medium,Implement automated data export with configurable scheduling,2025-12-16,2026-01-03
DONE-8,Task,Medium,Add role-based access control to the admin management panel,2025-12-17,2025-12-21
DONE-105,Improvement,Medium,Fix intermittent timeout errors in the third-party API client,2025-12-17,2025-12-25
DONE-140,Story,Medium,Refactor authentication middleware to use JWT token validation,2025-12-17,2026-01-06
DONE-48,Bug,Medium,Create data migration scripts for the legacy customer records,2025-12-18,2026-01-02
DONE-145,Task,Medium,Implement pagination for the product catalogue endpoint,2025-12-19,2025-12-28
DONE-15,Improvement,Medium,Add audit logging for all user actions in the admin interface,2025-12-20,2026-01-05
DONE-23,Story,High,Fix race condition in the concurrent order processing service,2025-12-20,2025-12-24
DONE-57,Bug,Medium,Improve error handling and retry logic in the email delivery service,2025-12-20,2025-12-21
DONE-94,Task,High,Implement bulk import feature for CSV product data uploads,2025-12-21,2026-01-06
DONE-29,Improvement,High,Add internationalization support for the customer-facing UI,2025-12-22,2025-12-29
DONE-132,Story,Medium,Resolve CSS layout issues on mobile devices in Safari,2025-12-23,2026-01-04
DONE-30,Bug,Medium,Implement two-factor authentication for privileged user accounts,2025-12-24,2026-01-07
DONE-36,Task,Medium,Optimize image processing pipeline to reduce storage costs,2025-12-27,2026-01-10
DONE-66,Improvement,Medium,Add GraphQL API endpoint for the mobile application team,2025-12-28,2026-01-02
DONE-147,Story,Medium,Fix incorrect tax calculation for cross-border transactions,2025-12-31,2026-01-04
DONE-60,Bug,Medium,Implement webhook delivery with exponential backoff retry,2026-01-01,2026-01-16
DONE-123,Task,Medium,Create dashboard for monitoring real-time system health metrics,2026-01-01,2026-01-19
DONE-58,Improvement,Medium,Add support for custom fields in the customer profile section,2026-01-02,2026-01-15
DONE-33,Story,Medium,Migrate from deprecated authentication library to current version,2026-01-03,2026-01-13
DONE-65,Bug,Medium,Implement smart caching strategy for frequently accessed resources,2026-01-03,2026-01-23
DONE-114,Task,Medium,Fix data inconsistency bug in the inventory synchronization job,2026-01-03,2026-01-16
DONE-9,Improvement,Medium,Add automated regression tests for the payment processing flow,2026-01-04,2026-01-14
DONE-22,Story,Low,Refactor the monolithic reporting service into microservices,2026-01-05,2026-01-13
DONE-31,Bug,Low,Implement configurable rate limiting for the public REST API,2026-01-07,2026-01-20
DONE-72,Task,Low,Fix security vulnerability in the file upload validation logic,2026-01-10,2026-01-16
DONE-144,Improvement,Lowest,Add dark mode support to the main application interface,2026-01-10,2026-01-16
DONE-44,Story,Medium,Optimize the recommendation engine for better response times,2026-01-13,2026-01-22
DONE-137,Bug,Low,Implement GDPR-compliant data deletion workflow for user accounts,2026-01-13,2026-01-28
DONE-142,Task,Low,Fix broken pagination on the search results listing page,2026-01-16,2026-02-02
DONE-17,Improvement,Low,Add support for multiple currency display in the pricing tables,2026-01-17,2026-01-23
DONE-109,Story,Medium,Implement automated database backup and point-in-time recovery,2026-01-17,2026-02-02
DONE-135,Bug,Highest,Refactor the notification service to use an event-driven pattern,2026-01-17,2026-01-26
DONE-85,Task,Medium,Fix incorrect date timezone handling in the scheduling module,2026-01-18,2026-01-31
DONE-52,Improvement,Lowest,Add comprehensive API documentation using OpenAPI specification,2026-01-21,2026-02-02
DONE-20,Story,Medium,Implement feature flag system for gradual feature rollouts,2026-01-22,2026-02-03
DONE-88,Bug,High,Resolve slow startup time caused by heavy dependency loading,2026-01-22,2026-02-06
DONE-19,Task,High,Add accessibility improvements to comply with WCAG 2.1 standards,2026-01-25,2026-02-13
DONE-45,Improvement,Medium,Implement soft-delete functionality across all resource endpoints,2026-01-25,2026-02-04
DONE-54,Story,Highest,Implement user authentication and session management for the API,2026-01-25,2026-01-27
DONE-91,Bug,Low,Fix performance regression in the data processing pipeline,2026-01-28,2026-02-11
DONE-14,Task,High,Refactor the legacy payment gateway integration module,2026-01-29,2026-02-02
DONE-62,Improvement,Medium,Add comprehensive end-to-end tests for the checkout flow,2026-01-29,2026-02-02
DONE-106,Story,Medium,Migrate database schema to support multi-tenancy architecture,2026-01-31,2026-02-14
DONE-118,Bug,Medium,Resolve memory leak in the background job processing worker,2026-01-31,2026-02-11
DONE-76,Task,Low,Implement real-time notifications using WebSockets,2026-02-03,2026-02-10
DONE-82,Improvement,Lowest,Improve search indexing performance for large datasets,2026-02-03,2026-02-05
DONE-90,Story,Low,Add support for OAuth2 single sign-on provider integration,2026-02-03,2026-02-20
DONE-116,Bug,Medium,Redesign the reporting dashboard with filterable date ranges,2026-02-06,2026-02-18
DONE-59,Task,Lowest,Optimize SQL queries causing slow response times in production,2026-02-09,2026-03-01
DONE-139,Improvement,High,Implement automated data export with configurable scheduling,2026-02-09,2026-02-13
DONE-4,Story,High,Add role-based access control to the admin management panel,2026-02-10,2026-02-27
DONE-69,Bug,Low,Fix intermittent timeout errors in the third-party API client,2026-02-10,2026-03-01
DONE-111,Task,High,Refactor authentication middleware to use JWT token validation,2026-02-10,2026-03-01
DONE-40,Improvement,Low,Create data migration scripts for the legacy customer records,2026-02-13,2026-02-19
DONE-89,Story,Medium,Implement pagination for the product catalogue endpoint,2026-02-13,2026-02-18
DONE-21,Bug,Lowest,Add audit logging for all user actions in the admin interface,2026-02-14,2026-02-15
DONE-46,Task,High,Fix race condition in the concurrent order processing service,2026-02-14,2026-03-03
DONE-138,Improvement,High,Improve error handling and retry logic in the email delivery service,2026-02-15,2026-03-07
DONE-134,Story,High,Implement bulk import feature for CSV product data uploads,2026-02-17,2026-03-01
DONE-100,Bug,Medium,Add internationalization support for the customer-facing UI,2026-02-18,2026-03-08
DONE-141,Task,Medium,Resolve CSS layout issues on mobile devices in Safari,2026-02-18,2026-02-27
DONE-43,Improvement,Medium,Implement two-factor authentication for privileged user accounts,2026-02-20,2026-02-25
DONE-51,Story,Medium,Optimize image processing pipeline to reduce storage costs,2026-02-21,2026-02-26
DONE-102,Bug,Medium,Add GraphQL API endpoint for the mobile application team,2026-02-21,2026-03-02
DONE-113,Task,High,Fix incorrect tax calculation for cross-border transactions,2026-02-21,2026-03-09
DONE-131,Improvement,Low,Implement webhook delivery with exponential backoff retry,2026-02-23,2026-03-07
DONE-63,Story,Low,Create dashboard for monitoring real-time system health metrics,2026-02-24,2026-03-15
DONE-41,Bug,Medium,Add support for custom fields in the customer profile section,2026-02-25,2026-03-14
DONE-47,Task,Low,Migrate from deprecated authentication library to current version,2026-02-25,2026-03-13
DONE-25,Improvement,Medium,Implement smart caching strategy for frequently accessed resources,2026-02-26,2026-02-28
DONE-27,Story,High,Fix data inconsistency bug in the inventory synchronization job,2026-02-26,2026-03-07
DONE-32,Bug,High,Add automated regression tests for the payment processing flow,2026-02-26,2026-03-16
DONE-87,Task,High,Refactor the monolithic reporting service into microservices,2026-02-26,2026-03-10
DONE-93,Improvement,High,Implement configurable rate limiting for the public REST API,2026-02-27,2026-03-02
DONE-130,Story,High,Fix security vulnerability in the file upload validation logic,2026-02-27,2026-03-03
WIP-15,Bug,High,Implement streaming data pipeline for real-time analytics processing,2026-02-27,
WIP-21,Task,Low,Refactor the monolithic authentication service into smaller modules,2026-02-27,
WIP-24,Improvement,Medium,Add machine learning model integration for predictive user behaviour,2026-02-27,
WIP-44,Story,High,Design and build the new multi-region deployment infrastructure,2026-02-27,
WIP-48,Bug,High,Migrate all frontend components from JavaScript to TypeScript,2026-02-27,
DONE-122,Task,Medium,Add dark mode support to the main application interface,2026-02-28,2026-03-17
DONE-133,Improvement,Low,Optimize the recommendation engine for better response times,2026-02-28,2026-03-06
WIP-40,Story,High,Implement distributed caching layer to handle increased traffic load,2026-02-28,
DONE-10,Bug,High,Implement GDPR-compliant data deletion workflow for user accounts,2026-03-01,2026-03-21
WIP-30,Task,Medium,Add comprehensive observability with distributed tracing support,2026-03-01,
DONE-18,Improvement,Medium,Fix broken pagination on the search results listing page,2026-03-02,2026-03-19
DONE-70,Story,Medium,Add support for multiple currency display in the pricing tables,2026-03-02,2026-03-12
DONE-83,Bug,High,Implement automated database backup and point-in-time recovery,2026-03-02,2026-03-07
DONE-71,Task,Lowest,Refactor the notification service to use an event-driven pattern,2026-03-03,2026-03-12
DONE-86,Improvement,Medium,Fix incorrect date timezone handling in the scheduling module,2026-03-03,2026-03-08
WIP-37,Story,Medium,Redesign the database schema to support hierarchical data structures,2026-03-03,
DONE-55,Bug,High,Add comprehensive API documentation using OpenAPI specification,2026-03-04,2026-03-08
WIP-20,Task,Medium,Implement automated canary deployment pipeline for safe releases,2026-03-04,
DONE-115,Improvement,Low,Implement feature flag system for gradual feature rollouts,2026-03-05,2026-03-22
DONE-110,Story,Medium,Resolve slow startup time caused by heavy dependency loading,2026-03-07,2026-03-09
WIP-41,Bug,Medium,Build the self-service onboarding wizard for new enterprise customers,2026-03-07,
DONE-74,Task,Lowest,Add accessibility improvements to comply with WCAG 2.1 standards,2026-03-09,2026-03-12
DONE-97,Improvement,Medium,Implement soft-delete functionality across all resource endpoints,2026-03-10,2026-03-16
WIP-23,Story,Medium,Refactor the legacy report generation engine for better performance,2026-03-10,
WIP-39,Bug,Low,Add support for pluggable storage backends in the file service,2026-03-10,
WIP-47,Task,Lowest,Implement event sourcing pattern for the order management domain,2026-03-10,
WIP-33,Improvement,High,Build a unified API gateway to consolidate all backend services,2026-03-11,
WIP-5,Story,Medium,Add deep-linking support for the single-page application router,2026-03-12,
WIP-12,Bug,High,Migrate the test suite from RSpec 2 to RSpec 3 and fix all failures,2026-03-13,
WIP-19,Task,Low,Implement A/B testing framework for the checkout funnel experiments,2026-03-13,
WIP-46,Improvement,Medium,Refactor the background job system to support priority queuing,2026-03-13,
WIP-25,Story,Medium,Build the new customer analytics reporting portal from scratch,2026-03-15,
WIP-50,Bug,Medium,Implement service mesh with mutual TLS for inter-service communication,2026-03-16,
WIP-3,Task,Medium,Add comprehensive end-to-end monitoring for the payment workflows,2026-03-17,
WIP-7,Improvement,Medium,Design the data warehouse schema for the business intelligence team,2026-03-17,
WIP-42,Story,Medium,Implement fine-grained authorization using attribute-based policies,2026-03-17,
WIP-14,Bug,Medium,Build automated load testing harness for the API performance suite,2026-03-18,
WIP-28,Task,Medium,Refactor legacy vendor integrations to use the new adapter pattern,2026-03-18,
WIP-4,Improvement,Highest,Add support for real-time collaborative editing in the document module,2026-03-19,
WIP-22,Story,Low,Implement the new subscription billing model with proration support,2026-03-19,
WIP-9,Bug,Medium,Build the self-healing infrastructure automation for cloud resources,2026-03-20,
WIP-11,Task,Low,Migrate from polling to event-driven architecture for data updates,2026-03-20,
WIP-17,Improvement,Lowest,Implement smart search with natural language processing capabilities,2026-03-21,
WIP-45,Story,High,Add comprehensive data lineage tracking for regulatory compliance,2026-03-22,
WIP-32,Bug,Low,Build the partner API portal with usage analytics and rate limiting,2026-03-23,
WIP-26,Task,Low,Refactor the codebase to eliminate circular dependency chains,2026-03-24,
WIP-2,Improvement,Medium,Implement the new onboarding email sequence with personalisation,2026-03-25,
WIP-36,Story,Low,Add support for custom branding and white-labelling for enterprise,2026-03-25,
WIP-29,Bug,Low,Implement serverless functions for the image transformation pipeline,2026-03-26,
WIP-38,Task,Medium,Build the configuration management service for dynamic feature flags,2026-03-27,
WIP-34,Improvement,Medium,Add support for importing data from legacy third-party CRM systems,2026-03-28,
WIP-31,Story,Low,Implement idempotent API endpoints to handle duplicate client requests,2026-04-01,
WIP-43,Bug,Medium,Refactor the notification dispatcher to support pluggable channels,2026-04-02,
WIP-13,Task,High,Build the comprehensive audit trail for the financial transactions,2026-04-04,
WIP-18,Improvement,Lowest,Implement chaos engineering tests for resilience validation,2026-04-05,
WIP-27,Story,Medium,Add multi-language support for the automated email templates,2026-04-05,
WIP-8,Bug,Low,Build the new incident management dashboard with on-call scheduling,2026-04-06,
WIP-10,Task,Medium,Implement the compliance reporting module for SOC2 certification,2026-04-06,
WIP-35,Improvement,Medium,Add support for versioned API contracts with backward compatibility,2026-04-06,
WIP-6,Story,High,Implement the new pricing engine with tiered discount calculations,2026-04-09,
WIP-1,Bug,High,Build the customer health score algorithm for the success team,2026-04-11,
WIP-16,Task,High,Refactor the data anonymisation pipeline for privacy compliance,2026-04-11,
WIP-49,Improvement,Low,Add intelligent alerting with anomaly detection for system metrics,2026-04-11,
